"filename", "language", "Python", "JSON", "JSON with Comments", "SCSS", "Markdown", "TypeScript", "HTML", "JavaScript", "comment", "blank", "total"
"c:\Users\YOUNESS\Desktop\projects\stages\group_edito\rh_project\TEST\bk\mysite\manage.py", "Python", 15, 0, 0, 0, 0, 0, 0, 0, 3, 5, 23
"c:\Users\YOUNESS\Desktop\projects\stages\group_edito\rh_project\TEST\bk\mysite\mysite\__init__.py", "Python", 0, 0, 0, 0, 0, 0, 0, 0, 0, 1, 1
"c:\Users\YOUNESS\Desktop\projects\stages\group_edito\rh_project\TEST\bk\mysite\mysite\asgi.py", "Python", 4, 0, 0, 0, 0, 0, 0, 0, 8, 5, 17
"c:\Users\YOUNESS\Desktop\projects\stages\group_edito\rh_project\TEST\bk\mysite\mysite\settings.py", "Python", 65, 0, 0, 0, 0, 0, 0, 0, 25, 31, 121
"c:\Users\YOUNESS\Desktop\projects\stages\group_edito\rh_project\TEST\bk\mysite\mysite\urls.py", "Python", 5, 0, 0, 0, 0, 0, 0, 0, 15, 2, 22
"c:\Users\YOUNESS\Desktop\projects\stages\group_edito\rh_project\TEST\bk\mysite\mysite\wsgi.py", "Python", 4, 0, 0, 0, 0, 0, 0, 0, 8, 5, 17
"c:\Users\YOUNESS\Desktop\projects\stages\group_edito\rh_project\edito_rh_projet\edito_rh_frontend\README.md", "Markdown", 0, 0, 0, 0, -14, 0, 0, 0, 0, -14, -28
"c:\Users\YOUNESS\Desktop\projects\stages\group_edito\rh_project\edito_rh_projet\edito_rh_frontend\angular.json", "JSON", 0, -114, 0, 0, 0, 0, 0, 0, 0, -1, -115
"c:\Users\YOUNESS\Desktop\projects\stages\group_edito\rh_project\edito_rh_projet\edito_rh_frontend\electron-main.js", "JavaScript", 0, 0, 0, 0, 0, 0, 0, -32, -3, -9, -44
"c:\Users\YOUNESS\Desktop\projects\stages\group_edito\rh_project\edito_rh_projet\edito_rh_frontend\karma.conf.js", "JavaScript", 0, 0, 0, 0, 0, 0, 0, -37, -6, -2, -45
"c:\Users\YOUNESS\Desktop\projects\stages\group_edito\rh_project\edito_rh_projet\edito_rh_frontend\package-lock.json", "JSON", 0, -9594, 0, 0, 0, 0, 0, 0, 0, -1, -9595
"c:\Users\YOUNESS\Desktop\projects\stages\group_edito\rh_project\edito_rh_projet\edito_rh_frontend\package.json", "JSON", 0, -58, 0, 0, 0, 0, 0, 0, 0, -1, -59
"c:\Users\YOUNESS\Desktop\projects\stages\group_edito\rh_project\edito_rh_projet\edito_rh_frontend\src\app\app-routing.module.ts", "TypeScript", 0, 0, 0, 0, 0, -34, 0, 0, 0, -3, -37
"c:\Users\YOUNESS\Desktop\projects\stages\group_edito\rh_project\edito_rh_projet\edito_rh_frontend\src\app\app.component.html", "HTML", 0, 0, 0, 0, 0, 0, -4, 0, 0, 0, -4
"c:\Users\YOUNESS\Desktop\projects\stages\group_edito\rh_project\edito_rh_projet\edito_rh_frontend\src\app\app.component.scss", "SCSS", 0, 0, 0, 0, 0, 0, 0, 0, 0, -1, -1
"c:\Users\YOUNESS\Desktop\projects\stages\group_edito\rh_project\edito_rh_projet\edito_rh_frontend\src\app\app.component.spec.ts", "TypeScript", 0, 0, 0, 0, 0, -31, 0, 0, 0, -5, -36
"c:\Users\YOUNESS\Desktop\projects\stages\group_edito\rh_project\edito_rh_projet\edito_rh_frontend\src\app\app.component.ts", "TypeScript", 0, 0, 0, 0, 0, -22, 0, 0, -4, -9, -35
"c:\Users\YOUNESS\Desktop\projects\stages\group_edito\rh_project\edito_rh_projet\edito_rh_frontend\src\app\app.module.ts", "TypeScript", 0, 0, 0, 0, 0, -60, 0, 0, 0, -5, -65
"c:\Users\YOUNESS\Desktop\projects\stages\group_edito\rh_project\edito_rh_projet\edito_rh_frontend\src\app\core\components\page404\page404.component.html", "HTML", 0, 0, 0, 0, 0, 0, -4, 0, 0, -2, -6
"c:\Users\YOUNESS\Desktop\projects\stages\group_edito\rh_project\edito_rh_projet\edito_rh_frontend\src\app\core\components\page404\page404.component.scss", "SCSS", 0, 0, 0, -6, 0, 0, 0, 0, 0, 0, -6
"c:\Users\YOUNESS\Desktop\projects\stages\group_edito\rh_project\edito_rh_projet\edito_rh_frontend\src\app\core\components\page404\page404.component.spec.ts", "TypeScript", 0, 0, 0, 0, 0, -20, 0, 0, 0, -6, -26
"c:\Users\YOUNESS\Desktop\projects\stages\group_edito\rh_project\edito_rh_projet\edito_rh_frontend\src\app\core\components\page404\page404.component.ts", "TypeScript", 0, 0, 0, 0, 0, -11, 0, 0, 0, -5, -16
"c:\Users\YOUNESS\Desktop\projects\stages\group_edito\rh_project\edito_rh_projet\edito_rh_frontend\src\app\core\guards\auth.guard.spec.ts", "TypeScript", 0, 0, 0, 0, 0, -12, 0, 0, 0, -5, -17
"c:\Users\YOUNESS\Desktop\projects\stages\group_edito\rh_project\edito_rh_projet\edito_rh_frontend\src\app\core\guards\auth.guard.ts", "TypeScript", 0, 0, 0, 0, 0, -21, 0, 0, 0, -8, -29
"c:\Users\YOUNESS\Desktop\projects\stages\group_edito\rh_project\edito_rh_projet\edito_rh_frontend\src\app\core\interceptors\auth\auth.interceptor.spec.ts", "TypeScript", 0, 0, 0, 0, 0, -13, 0, 0, 0, -4, -17
"c:\Users\YOUNESS\Desktop\projects\stages\group_edito\rh_project\edito_rh_projet\edito_rh_frontend\src\app\core\interceptors\auth\auth.interceptor.ts", "TypeScript", 0, 0, 0, 0, 0, -81, 0, 0, 0, -14, -95
"c:\Users\YOUNESS\Desktop\projects\stages\group_edito\rh_project\edito_rh_projet\edito_rh_frontend\src\app\core\material.module.ts", "TypeScript", 0, 0, 0, 0, 0, -104, 0, 0, -1, -4, -109
"c:\Users\YOUNESS\Desktop\projects\stages\group_edito\rh_project\edito_rh_projet\edito_rh_frontend\src\app\core\services\error\error-handler.service.spec.ts", "TypeScript", 0, 0, 0, 0, 0, -12, 0, 0, 0, -5, -17
"c:\Users\YOUNESS\Desktop\projects\stages\group_edito\rh_project\edito_rh_projet\edito_rh_frontend\src\app\core\services\error\error-handler.service.ts", "TypeScript", 0, 0, 0, 0, 0, -17, 0, 0, 0, -4, -21
"c:\Users\YOUNESS\Desktop\projects\stages\group_edito\rh_project\edito_rh_projet\edito_rh_frontend\src\app\core\services\http\affectations\affectation.service.spec.ts", "TypeScript", 0, 0, 0, 0, 0, -12, 0, 0, 0, -5, -17
"c:\Users\YOUNESS\Desktop\projects\stages\group_edito\rh_project\edito_rh_projet\edito_rh_frontend\src\app\core\services\http\affectations\affectation.service.ts", "TypeScript", 0, 0, 0, 0, 0, -36, 0, 0, 0, -10, -46
"c:\Users\YOUNESS\Desktop\projects\stages\group_edito\rh_project\edito_rh_projet\edito_rh_frontend\src\app\core\services\http\auth\auth.service.spec.ts", "TypeScript", 0, 0, 0, 0, 0, -12, 0, 0, 0, -5, -17
"c:\Users\YOUNESS\Desktop\projects\stages\group_edito\rh_project\edito_rh_projet\edito_rh_frontend\src\app\core\services\http\auth\auth.service.ts", "TypeScript", 0, 0, 0, 0, 0, -26, 0, 0, -4, -12, -42
"c:\Users\YOUNESS\Desktop\projects\stages\group_edito\rh_project\edito_rh_projet\edito_rh_frontend\src\app\core\services\http\centres_cout\centre-cout.service.spec.ts", "TypeScript", 0, 0, 0, 0, 0, -12, 0, 0, 0, -5, -17
"c:\Users\YOUNESS\Desktop\projects\stages\group_edito\rh_project\edito_rh_projet\edito_rh_frontend\src\app\core\services\http\centres_cout\centre-cout.service.ts", "TypeScript", 0, 0, 0, 0, 0, -36, 0, 0, 0, -11, -47
"c:\Users\YOUNESS\Desktop\projects\stages\group_edito\rh_project\edito_rh_projet\edito_rh_frontend\src\app\core\services\http\contrats\contrat.service.spec.ts", "TypeScript", 0, 0, 0, 0, 0, -12, 0, 0, 0, -5, -17
"c:\Users\YOUNESS\Desktop\projects\stages\group_edito\rh_project\edito_rh_projet\edito_rh_frontend\src\app\core\services\http\contrats\contrat.service.ts", "TypeScript", 0, 0, 0, 0, 0, -36, 0, 0, 0, -10, -46
"c:\Users\YOUNESS\Desktop\projects\stages\group_edito\rh_project\edito_rh_projet\edito_rh_frontend\src\app\core\services\http\directions\direction.service.spec.ts", "TypeScript", 0, 0, 0, 0, 0, -12, 0, 0, 0, -5, -17
"c:\Users\YOUNESS\Desktop\projects\stages\group_edito\rh_project\edito_rh_projet\edito_rh_frontend\src\app\core\services\http\directions\direction.service.ts", "TypeScript", 0, 0, 0, 0, 0, -36, 0, 0, 0, -11, -47
"c:\Users\YOUNESS\Desktop\projects\stages\group_edito\rh_project\edito_rh_projet\edito_rh_frontend\src\app\core\services\http\employes\employe.service.spec.ts", "TypeScript", 0, 0, 0, 0, 0, -12, 0, 0, 0, -5, -17
"c:\Users\YOUNESS\Desktop\projects\stages\group_edito\rh_project\edito_rh_projet\edito_rh_frontend\src\app\core\services\http\employes\employe.service.ts", "TypeScript", 0, 0, 0, 0, 0, -47, 0, 0, 0, -12, -59
"c:\Users\YOUNESS\Desktop\projects\stages\group_edito\rh_project\edito_rh_projet\edito_rh_frontend\src\app\core\services\http\entites\entite.service.spec.ts", "TypeScript", 0, 0, 0, 0, 0, -12, 0, 0, 0, -5, -17
"c:\Users\YOUNESS\Desktop\projects\stages\group_edito\rh_project\edito_rh_projet\edito_rh_frontend\src\app\core\services\http\entites\entite.service.ts", "TypeScript", 0, 0, 0, 0, 0, -36, 0, 0, 0, -11, -47
"c:\Users\YOUNESS\Desktop\projects\stages\group_edito\rh_project\edito_rh_projet\edito_rh_frontend\src\app\core\services\http\fonctions\fonction.service.spec.ts", "TypeScript", 0, 0, 0, 0, 0, -12, 0, 0, 0, -5, -17
"c:\Users\YOUNESS\Desktop\projects\stages\group_edito\rh_project\edito_rh_projet\edito_rh_frontend\src\app\core\services\http\fonctions\fonction.service.ts", "TypeScript", 0, 0, 0, 0, 0, -36, 0, 0, 0, -12, -48
"c:\Users\YOUNESS\Desktop\projects\stages\group_edito\rh_project\edito_rh_projet\edito_rh_frontend\src\app\core\services\http\formules\formule.service.spec.ts", "TypeScript", 0, 0, 0, 0, 0, -12, 0, 0, 0, -5, -17
"c:\Users\YOUNESS\Desktop\projects\stages\group_edito\rh_project\edito_rh_projet\edito_rh_frontend\src\app\core\services\http\formules\formule.service.ts", "TypeScript", 0, 0, 0, 0, 0, -45, 0, 0, 0, -12, -57
"c:\Users\YOUNESS\Desktop\projects\stages\group_edito\rh_project\edito_rh_projet\edito_rh_frontend\src\app\core\services\http\helpers\helper\helper.service.spec.ts", "TypeScript", 0, 0, 0, 0, 0, -12, 0, 0, 0, -5, -17
"c:\Users\YOUNESS\Desktop\projects\stages\group_edito\rh_project\edito_rh_projet\edito_rh_frontend\src\app\core\services\http\helpers\helper\helper.service.ts", "TypeScript", 0, 0, 0, 0, 0, -65, 0, 0, 0, -10, -75
"c:\Users\YOUNESS\Desktop\projects\stages\group_edito\rh_project\edito_rh_projet\edito_rh_frontend\src\app\core\services\http\helpers\params\params.service.spec.ts", "TypeScript", 0, 0, 0, 0, 0, -12, 0, 0, 0, -5, -17
"c:\Users\YOUNESS\Desktop\projects\stages\group_edito\rh_project\edito_rh_projet\edito_rh_frontend\src\app\core\services\http\helpers\params\params.service.ts", "TypeScript", 0, 0, 0, 0, 0, -80, 0, 0, 0, -8, -88
"c:\Users\YOUNESS\Desktop\projects\stages\group_edito\rh_project\edito_rh_projet\edito_rh_frontend\src\app\core\services\http\rubriques\rubrique.service.spec.ts", "TypeScript", 0, 0, 0, 0, 0, -12, 0, 0, 0, -5, -17
"c:\Users\YOUNESS\Desktop\projects\stages\group_edito\rh_project\edito_rh_projet\edito_rh_frontend\src\app\core\services\http\rubriques\rubrique.service.ts", "TypeScript", 0, 0, 0, 0, 0, -36, 0, 0, 0, -11, -47
"c:\Users\YOUNESS\Desktop\projects\stages\group_edito\rh_project\edito_rh_projet\edito_rh_frontend\src\app\core\services\http\traitements\traitement.service.spec.ts", "TypeScript", 0, 0, 0, 0, 0, -12, 0, 0, 0, -5, -17
"c:\Users\YOUNESS\Desktop\projects\stages\group_edito\rh_project\edito_rh_projet\edito_rh_frontend\src\app\core\services\http\traitements\traitement.service.ts", "TypeScript", 0, 0, 0, 0, 0, -19, 0, 0, 0, -6, -25
"c:\Users\YOUNESS\Desktop\projects\stages\group_edito\rh_project\edito_rh_projet\edito_rh_frontend\src\app\core\services\http\variables\variable.service.spec.ts", "TypeScript", 0, 0, 0, 0, 0, -12, 0, 0, 0, -5, -17
"c:\Users\YOUNESS\Desktop\projects\stages\group_edito\rh_project\edito_rh_projet\edito_rh_frontend\src\app\core\services\http\variables\variable.service.ts", "TypeScript", 0, 0, 0, 0, 0, -34, 0, 0, 0, -11, -45
"c:\Users\YOUNESS\Desktop\projects\stages\group_edito\rh_project\edito_rh_projet\edito_rh_frontend\src\app\core\services\http\villes\ville.service.spec.ts", "TypeScript", 0, 0, 0, 0, 0, -12, 0, 0, 0, -5, -17
"c:\Users\YOUNESS\Desktop\projects\stages\group_edito\rh_project\edito_rh_projet\edito_rh_frontend\src\app\core\services\http\villes\ville.service.ts", "TypeScript", 0, 0, 0, 0, 0, -41, 0, 0, 0, -9, -50
"c:\Users\YOUNESS\Desktop\projects\stages\group_edito\rh_project\edito_rh_projet\edito_rh_frontend\src\app\core\services\storage\storage.service.spec.ts", "TypeScript", 0, 0, 0, 0, 0, -12, 0, 0, 0, -5, -17
"c:\Users\YOUNESS\Desktop\projects\stages\group_edito\rh_project\edito_rh_projet\edito_rh_frontend\src\app\core\services\storage\storage.service.ts", "TypeScript", 0, 0, 0, 0, 0, -71, 0, 0, 0, -19, -90
"c:\Users\YOUNESS\Desktop\projects\stages\group_edito\rh_project\edito_rh_projet\edito_rh_frontend\src\app\core\services\utils\builders\affectation_builder\affectation-builder.service.spec.ts", "TypeScript", 0, 0, 0, 0, 0, -12, 0, 0, 0, -5, -17
"c:\Users\YOUNESS\Desktop\projects\stages\group_edito\rh_project\edito_rh_projet\edito_rh_frontend\src\app\core\services\utils\builders\affectation_builder\affectation-builder.service.ts", "TypeScript", 0, 0, 0, 0, 0, -20, 0, 0, 0, -5, -25
"c:\Users\YOUNESS\Desktop\projects\stages\group_edito\rh_project\edito_rh_projet\edito_rh_frontend\src\app\core\services\utils\builders\centre_cout_builder\centre-cout-builder.service.spec.ts", "TypeScript", 0, 0, 0, 0, 0, -12, 0, 0, 0, -5, -17
"c:\Users\YOUNESS\Desktop\projects\stages\group_edito\rh_project\edito_rh_projet\edito_rh_frontend\src\app\core\services\utils\builders\centre_cout_builder\centre-cout-builder.service.ts", "TypeScript", 0, 0, 0, 0, 0, -20, 0, 0, 0, -5, -25
"c:\Users\YOUNESS\Desktop\projects\stages\group_edito\rh_project\edito_rh_projet\edito_rh_frontend\src\app\core\services\utils\builders\contrat_builder\contrat-builder.service.spec.ts", "TypeScript", 0, 0, 0, 0, 0, -12, 0, 0, 0, -5, -17
"c:\Users\YOUNESS\Desktop\projects\stages\group_edito\rh_project\edito_rh_projet\edito_rh_frontend\src\app\core\services\utils\builders\contrat_builder\contrat-builder.service.ts", "TypeScript", 0, 0, 0, 0, 0, -20, 0, 0, 0, -6, -26
"c:\Users\YOUNESS\Desktop\projects\stages\group_edito\rh_project\edito_rh_projet\edito_rh_frontend\src\app\core\services\utils\builders\direction_builder\direction-builder.service.spec.ts", "TypeScript", 0, 0, 0, 0, 0, -12, 0, 0, 0, -5, -17
"c:\Users\YOUNESS\Desktop\projects\stages\group_edito\rh_project\edito_rh_projet\edito_rh_frontend\src\app\core\services\utils\builders\direction_builder\direction-builder.service.ts", "TypeScript", 0, 0, 0, 0, 0, -20, 0, 0, 0, -5, -25
"c:\Users\YOUNESS\Desktop\projects\stages\group_edito\rh_project\edito_rh_projet\edito_rh_frontend\src\app\core\services\utils\builders\employe_builder\employe-builder.service.spec.ts", "TypeScript", 0, 0, 0, 0, 0, -12, 0, 0, 0, -5, -17
"c:\Users\YOUNESS\Desktop\projects\stages\group_edito\rh_project\edito_rh_projet\edito_rh_frontend\src\app\core\services\utils\builders\employe_builder\employe-builder.service.ts", "TypeScript", 0, 0, 0, 0, 0, -195, 0, 0, 0, -7, -202
"c:\Users\YOUNESS\Desktop\projects\stages\group_edito\rh_project\edito_rh_projet\edito_rh_frontend\src\app\core\services\utils\builders\entite_builder\entite-builder.service.spec.ts", "TypeScript", 0, 0, 0, 0, 0, -12, 0, 0, 0, -5, -17
"c:\Users\YOUNESS\Desktop\projects\stages\group_edito\rh_project\edito_rh_projet\edito_rh_frontend\src\app\core\services\utils\builders\entite_builder\entite-builder.service.ts", "TypeScript", 0, 0, 0, 0, 0, -20, 0, 0, 0, -5, -25
"c:\Users\YOUNESS\Desktop\projects\stages\group_edito\rh_project\edito_rh_projet\edito_rh_frontend\src\app\core\services\utils\builders\fonction_builder\fonction-builder.service.spec.ts", "TypeScript", 0, 0, 0, 0, 0, -12, 0, 0, 0, -5, -17
"c:\Users\YOUNESS\Desktop\projects\stages\group_edito\rh_project\edito_rh_projet\edito_rh_frontend\src\app\core\services\utils\builders\fonction_builder\fonction-builder.service.ts", "TypeScript", 0, 0, 0, 0, 0, -20, 0, 0, 0, -6, -26
"c:\Users\YOUNESS\Desktop\projects\stages\group_edito\rh_project\edito_rh_projet\edito_rh_frontend\src\app\core\services\utils\builders\formule_builder\formule-builder.service.spec.ts", "TypeScript", 0, 0, 0, 0, 0, -12, 0, 0, 0, -5, -17
"c:\Users\YOUNESS\Desktop\projects\stages\group_edito\rh_project\edito_rh_projet\edito_rh_frontend\src\app\core\services\utils\builders\formule_builder\formule-builder.service.ts", "TypeScript", 0, 0, 0, 0, 0, -35, 0, 0, 0, -5, -40
"c:\Users\YOUNESS\Desktop\projects\stages\group_edito\rh_project\edito_rh_projet\edito_rh_frontend\src\app\core\services\utils\builders\rubrique_builder\rubrique-builder.service.spec.ts", "TypeScript", 0, 0, 0, 0, 0, -12, 0, 0, 0, -5, -17
"c:\Users\YOUNESS\Desktop\projects\stages\group_edito\rh_project\edito_rh_projet\edito_rh_frontend\src\app\core\services\utils\builders\rubrique_builder\rubrique-builder.service.ts", "TypeScript", 0, 0, 0, 0, 0, -20, 0, 0, 0, -5, -25
"c:\Users\YOUNESS\Desktop\projects\stages\group_edito\rh_project\edito_rh_projet\edito_rh_frontend\src\app\core\services\utils\builders\user_builder\user-builder.service.spec.ts", "TypeScript", 0, 0, 0, 0, 0, -12, 0, 0, 0, -5, -17
"c:\Users\YOUNESS\Desktop\projects\stages\group_edito\rh_project\edito_rh_projet\edito_rh_frontend\src\app\core\services\utils\builders\user_builder\user-builder.service.ts", "TypeScript", 0, 0, 0, 0, 0, -24, 0, 0, 0, -6, -30
"c:\Users\YOUNESS\Desktop\projects\stages\group_edito\rh_project\edito_rh_projet\edito_rh_frontend\src\app\core\services\utils\builders\variable_builder\variable-builder.service.spec.ts", "TypeScript", 0, 0, 0, 0, 0, -12, 0, 0, 0, -5, -17
"c:\Users\YOUNESS\Desktop\projects\stages\group_edito\rh_project\edito_rh_projet\edito_rh_frontend\src\app\core\services\utils\builders\variable_builder\variable-builder.service.ts", "TypeScript", 0, 0, 0, 0, 0, -20, 0, 0, 0, -7, -27
"c:\Users\YOUNESS\Desktop\projects\stages\group_edito\rh_project\edito_rh_projet\edito_rh_frontend\src\app\core\services\utils\builders\ville_builder\ville-builder.service.spec.ts", "TypeScript", 0, 0, 0, 0, 0, -12, 0, 0, 0, -5, -17
"c:\Users\YOUNESS\Desktop\projects\stages\group_edito\rh_project\edito_rh_projet\edito_rh_frontend\src\app\core\services\utils\builders\ville_builder\ville-builder.service.ts", "TypeScript", 0, 0, 0, 0, 0, -20, 0, 0, 0, -5, -25
"c:\Users\YOUNESS\Desktop\projects\stages\group_edito\rh_project\edito_rh_projet\edito_rh_frontend\src\app\core\services\utils\jwtHelper\jwt-helper.service.spec.ts", "TypeScript", 0, 0, 0, 0, 0, -12, 0, 0, 0, -5, -17
"c:\Users\YOUNESS\Desktop\projects\stages\group_edito\rh_project\edito_rh_projet\edito_rh_frontend\src\app\core\services\utils\jwtHelper\jwt-helper.service.ts", "TypeScript", 0, 0, 0, 0, 0, -16, 0, 0, 0, -5, -21
"c:\Users\YOUNESS\Desktop\projects\stages\group_edito\rh_project\edito_rh_projet\edito_rh_frontend\src\app\modules\auth\auth-routing.module.ts", "TypeScript", 0, 0, 0, 0, 0, -11, 0, 0, 0, -3, -14
"c:\Users\YOUNESS\Desktop\projects\stages\group_edito\rh_project\edito_rh_projet\edito_rh_frontend\src\app\modules\auth\auth.module.ts", "TypeScript", 0, 0, 0, 0, 0, -21, 0, 0, 0, -4, -25
"c:\Users\YOUNESS\Desktop\projects\stages\group_edito\rh_project\edito_rh_projet\edito_rh_frontend\src\app\modules\auth\pages\login\login.component.html", "HTML", 0, 0, 0, 0, 0, 0, -46, 0, 0, -19, -65
"c:\Users\YOUNESS\Desktop\projects\stages\group_edito\rh_project\edito_rh_projet\edito_rh_frontend\src\app\modules\auth\pages\login\login.component.scss", "SCSS", 0, 0, 0, -43, 0, 0, 0, 0, -4, -12, -59
"c:\Users\YOUNESS\Desktop\projects\stages\group_edito\rh_project\edito_rh_projet\edito_rh_frontend\src\app\modules\auth\pages\login\login.component.spec.ts", "TypeScript", 0, 0, 0, 0, 0, -20, 0, 0, 0, -6, -26
"c:\Users\YOUNESS\Desktop\projects\stages\group_edito\rh_project\edito_rh_projet\edito_rh_frontend\src\app\modules\auth\pages\login\login.component.ts", "TypeScript", 0, 0, 0, 0, 0, -113, 0, 0, 0, -23, -136
"c:\Users\YOUNESS\Desktop\projects\stages\group_edito\rh_project\edito_rh_projet\edito_rh_frontend\src\app\modules\auth\state\auth.actions.ts", "TypeScript", 0, 0, 0, 0, 0, -17, 0, 0, 0, -15, -32
"c:\Users\YOUNESS\Desktop\projects\stages\group_edito\rh_project\edito_rh_projet\edito_rh_frontend\src\app\modules\auth\state\auth.effects.ts", "TypeScript", 0, 0, 0, 0, 0, -59, 0, 0, 0, -8, -67
"c:\Users\YOUNESS\Desktop\projects\stages\group_edito\rh_project\edito_rh_projet\edito_rh_frontend\src\app\modules\auth\state\auth.reducer.ts", "TypeScript", 0, 0, 0, 0, 0, -33, 0, 0, 0, -6, -39
"c:\Users\YOUNESS\Desktop\projects\stages\group_edito\rh_project\edito_rh_projet\edito_rh_frontend\src\app\modules\auth\state\auth.selector.ts", "TypeScript", 0, 0, 0, 0, 0, -9, 0, 0, 0, -6, -15
"c:\Users\YOUNESS\Desktop\projects\stages\group_edito\rh_project\edito_rh_projet\edito_rh_frontend\src\app\modules\auth\state\auth.state.ts", "TypeScript", 0, 0, 0, 0, 0, -11, 0, 0, 0, -5, -16
"c:\Users\YOUNESS\Desktop\projects\stages\group_edito\rh_project\edito_rh_projet\edito_rh_frontend\src\app\modules\gestions\components\filters\filters.component.html", "HTML", 0, 0, 0, 0, 0, 0, -75, 0, -8, -12, -95
"c:\Users\YOUNESS\Desktop\projects\stages\group_edito\rh_project\edito_rh_projet\edito_rh_frontend\src\app\modules\gestions\components\filters\filters.component.scss", "SCSS", 0, 0, 0, -40, 0, 0, 0, 0, -5, -9, -54
"c:\Users\YOUNESS\Desktop\projects\stages\group_edito\rh_project\edito_rh_projet\edito_rh_frontend\src\app\modules\gestions\components\filters\filters.component.spec.ts", "TypeScript", 0, 0, 0, 0, 0, -20, 0, 0, 0, -6, -26
"c:\Users\YOUNESS\Desktop\projects\stages\group_edito\rh_project\edito_rh_projet\edito_rh_frontend\src\app\modules\gestions\components\filters\filters.component.ts", "TypeScript", 0, 0, 0, 0, 0, -214, 0, 0, -8, -35, -257
"c:\Users\YOUNESS\Desktop\projects\stages\group_edito\rh_project\edito_rh_projet\edito_rh_frontend\src\app\modules\gestions\components\filters\filters.validators.ts", "TypeScript", 0, 0, 0, 0, 0, -20, 0, 0, 0, -2, -22
"c:\Users\YOUNESS\Desktop\projects\stages\group_edito\rh_project\edito_rh_projet\edito_rh_frontend\src\app\modules\gestions\components\gestion-template\gestion-template.component.html", "HTML", 0, 0, 0, 0, 0, 0, -21, 0, 0, -4, -25
"c:\Users\YOUNESS\Desktop\projects\stages\group_edito\rh_project\edito_rh_projet\edito_rh_frontend\src\app\modules\gestions\components\gestion-template\gestion-template.component.scss", "SCSS", 0, 0, 0, -4, 0, 0, 0, 0, -1, -1, -6
"c:\Users\YOUNESS\Desktop\projects\stages\group_edito\rh_project\edito_rh_projet\edito_rh_frontend\src\app\modules\gestions\components\gestion-template\gestion-template.component.spec.ts", "TypeScript", 0, 0, 0, 0, 0, -20, 0, 0, 0, -6, -26
"c:\Users\YOUNESS\Desktop\projects\stages\group_edito\rh_project\edito_rh_projet\edito_rh_frontend\src\app\modules\gestions\components\gestion-template\gestion-template.component.ts", "TypeScript", 0, 0, 0, 0, 0, -104, 0, 0, 0, -19, -123
"c:\Users\YOUNESS\Desktop\projects\stages\group_edito\rh_project\edito_rh_projet\edito_rh_frontend\src\app\modules\gestions\components\sub-header\sub-header.component.html", "HTML", 0, 0, 0, 0, 0, 0, -19, 0, 0, -1, -20
"c:\Users\YOUNESS\Desktop\projects\stages\group_edito\rh_project\edito_rh_projet\edito_rh_frontend\src\app\modules\gestions\components\sub-header\sub-header.component.scss", "SCSS", 0, 0, 0, -19, 0, 0, 0, 0, 0, -6, -25
"c:\Users\YOUNESS\Desktop\projects\stages\group_edito\rh_project\edito_rh_projet\edito_rh_frontend\src\app\modules\gestions\components\sub-header\sub-header.component.spec.ts", "TypeScript", 0, 0, 0, 0, 0, -20, 0, 0, 0, -6, -26
"c:\Users\YOUNESS\Desktop\projects\stages\group_edito\rh_project\edito_rh_projet\edito_rh_frontend\src\app\modules\gestions\components\sub-header\sub-header.component.ts", "TypeScript", 0, 0, 0, 0, 0, -18, 0, 0, 0, -7, -25
"c:\Users\YOUNESS\Desktop\projects\stages\group_edito\rh_project\edito_rh_projet\edito_rh_frontend\src\app\modules\gestions\components\table\table.component.html", "HTML", 0, 0, 0, 0, 0, 0, -16, 0, -1, -4, -21
"c:\Users\YOUNESS\Desktop\projects\stages\group_edito\rh_project\edito_rh_projet\edito_rh_frontend\src\app\modules\gestions\components\table\table.component.scss", "SCSS", 0, 0, 0, -51, 0, 0, 0, 0, -4, -10, -65
"c:\Users\YOUNESS\Desktop\projects\stages\group_edito\rh_project\edito_rh_projet\edito_rh_frontend\src\app\modules\gestions\components\table\table.component.spec.ts", "TypeScript", 0, 0, 0, 0, 0, -20, 0, 0, 0, -6, -26
"c:\Users\YOUNESS\Desktop\projects\stages\group_edito\rh_project\edito_rh_projet\edito_rh_frontend\src\app\modules\gestions\components\table\table.component.ts", "TypeScript", 0, 0, 0, 0, 0, -72, 0, 0, 0, -6, -78
"c:\Users\YOUNESS\Desktop\projects\stages\group_edito\rh_project\edito_rh_projet\edito_rh_frontend\src\app\modules\gestions\gestions-routing.module.ts", "TypeScript", 0, 0, 0, 0, 0, -40, 0, 0, 0, -3, -43
"c:\Users\YOUNESS\Desktop\projects\stages\group_edito\rh_project\edito_rh_projet\edito_rh_frontend\src\app\modules\gestions\gestions.module.ts", "TypeScript", 0, 0, 0, 0, 0, -55, 0, 0, 0, -4, -59
"c:\Users\YOUNESS\Desktop\projects\stages\group_edito\rh_project\edito_rh_projet\edito_rh_frontend\src\app\modules\gestions\modules\models\components\creer-model\creer-model.component.html", "HTML", 0, 0, 0, 0, 0, 0, -59, 0, -5, -3, -67
"c:\Users\YOUNESS\Desktop\projects\stages\group_edito\rh_project\edito_rh_projet\edito_rh_frontend\src\app\modules\gestions\modules\models\components\creer-model\creer-model.component.scss", "SCSS", 0, 0, 0, -20, 0, 0, 0, 0, 0, -5, -25
"c:\Users\YOUNESS\Desktop\projects\stages\group_edito\rh_project\edito_rh_projet\edito_rh_frontend\src\app\modules\gestions\modules\models\components\creer-model\creer-model.component.spec.ts", "TypeScript", 0, 0, 0, 0, 0, -20, 0, 0, 0, -6, -26
"c:\Users\YOUNESS\Desktop\projects\stages\group_edito\rh_project\edito_rh_projet\edito_rh_frontend\src\app\modules\gestions\modules\models\components\creer-model\creer-model.component.ts", "TypeScript", 0, 0, 0, 0, 0, -136, 0, 0, -3, -24, -163
"c:\Users\YOUNESS\Desktop\projects\stages\group_edito\rh_project\edito_rh_projet\edito_rh_frontend\src\app\modules\gestions\modules\models\components\list-model\list-model.component.html", "HTML", 0, 0, 0, 0, 0, 0, -80, 0, -9, -7, -96
"c:\Users\YOUNESS\Desktop\projects\stages\group_edito\rh_project\edito_rh_projet\edito_rh_frontend\src\app\modules\gestions\modules\models\components\list-model\list-model.component.scss", "SCSS", 0, 0, 0, -21, 0, 0, 0, 0, 0, -7, -28
"c:\Users\YOUNESS\Desktop\projects\stages\group_edito\rh_project\edito_rh_projet\edito_rh_frontend\src\app\modules\gestions\modules\models\components\list-model\list-model.component.spec.ts", "TypeScript", 0, 0, 0, 0, 0, -20, 0, 0, 0, -6, -26
"c:\Users\YOUNESS\Desktop\projects\stages\group_edito\rh_project\edito_rh_projet\edito_rh_frontend\src\app\modules\gestions\modules\models\components\list-model\list-model.component.ts", "TypeScript", 0, 0, 0, 0, 0, -53, 0, 0, 0, -7, -60
"c:\Users\YOUNESS\Desktop\projects\stages\group_edito\rh_project\edito_rh_projet\edito_rh_frontend\src\app\modules\gestions\modules\models\components\model-template\model-template.component.html", "HTML", 0, 0, 0, 0, 0, 0, -13, 0, 0, -1, -14
"c:\Users\YOUNESS\Desktop\projects\stages\group_edito\rh_project\edito_rh_projet\edito_rh_frontend\src\app\modules\gestions\modules\models\components\model-template\model-template.component.scss", "SCSS", 0, 0, 0, -10, 0, 0, 0, 0, 0, -3, -13
"c:\Users\YOUNESS\Desktop\projects\stages\group_edito\rh_project\edito_rh_projet\edito_rh_frontend\src\app\modules\gestions\modules\models\components\model-template\model-template.component.spec.ts", "TypeScript", 0, 0, 0, 0, 0, -20, 0, 0, 0, -6, -26
"c:\Users\YOUNESS\Desktop\projects\stages\group_edito\rh_project\edito_rh_projet\edito_rh_frontend\src\app\modules\gestions\modules\models\components\model-template\model-template.component.ts", "TypeScript", 0, 0, 0, 0, 0, -61, 0, 0, 0, -9, -70
"c:\Users\YOUNESS\Desktop\projects\stages\group_edito\rh_project\edito_rh_projet\edito_rh_frontend\src\app\modules\gestions\modules\models\components\update-model\update-model.component.html", "HTML", 0, 0, 0, 0, 0, 0, -59, 0, -5, -9, -73
"c:\Users\YOUNESS\Desktop\projects\stages\group_edito\rh_project\edito_rh_projet\edito_rh_frontend\src\app\modules\gestions\modules\models\components\update-model\update-model.component.scss", "SCSS", 0, 0, 0, -20, 0, 0, 0, 0, 0, -5, -25
"c:\Users\YOUNESS\Desktop\projects\stages\group_edito\rh_project\edito_rh_projet\edito_rh_frontend\src\app\modules\gestions\modules\models\components\update-model\update-model.component.spec.ts", "TypeScript", 0, 0, 0, 0, 0, -20, 0, 0, 0, -6, -26
"c:\Users\YOUNESS\Desktop\projects\stages\group_edito\rh_project\edito_rh_projet\edito_rh_frontend\src\app\modules\gestions\modules\models\components\update-model\update-model.component.ts", "TypeScript", 0, 0, 0, 0, 0, -301, 0, 0, -7, -30, -338
"c:\Users\YOUNESS\Desktop\projects\stages\group_edito\rh_project\edito_rh_projet\edito_rh_frontend\src\app\modules\gestions\modules\models\components\update-normal-field\update-normal-field.component.html", "HTML", 0, 0, 0, 0, 0, 0, -63, 0, -3, -7, -73
"c:\Users\YOUNESS\Desktop\projects\stages\group_edito\rh_project\edito_rh_projet\edito_rh_frontend\src\app\modules\gestions\modules\models\components\update-normal-field\update-normal-field.component.scss", "SCSS", 0, 0, 0, -24, 0, 0, 0, 0, -4, -8, -36
"c:\Users\YOUNESS\Desktop\projects\stages\group_edito\rh_project\edito_rh_projet\edito_rh_frontend\src\app\modules\gestions\modules\models\components\update-normal-field\update-normal-field.component.spec.ts", "TypeScript", 0, 0, 0, 0, 0, -20, 0, 0, 0, -6, -26
"c:\Users\YOUNESS\Desktop\projects\stages\group_edito\rh_project\edito_rh_projet\edito_rh_frontend\src\app\modules\gestions\modules\models\components\update-normal-field\update-normal-field.component.ts", "TypeScript", 0, 0, 0, 0, 0, -136, 0, 0, -1, -16, -153
"c:\Users\YOUNESS\Desktop\projects\stages\group_edito\rh_project\edito_rh_projet\edito_rh_frontend\src\app\modules\gestions\modules\models\components\update-object-field\update-object-field.component.html", "HTML", 0, 0, 0, 0, 0, 0, -22, 0, -1, -1, -24
"c:\Users\YOUNESS\Desktop\projects\stages\group_edito\rh_project\edito_rh_projet\edito_rh_frontend\src\app\modules\gestions\modules\models\components\update-object-field\update-object-field.component.scss", "SCSS", 0, 0, 0, -24, 0, 0, 0, 0, -4, -8, -36
"c:\Users\YOUNESS\Desktop\projects\stages\group_edito\rh_project\edito_rh_projet\edito_rh_frontend\src\app\modules\gestions\modules\models\components\update-object-field\update-object-field.component.spec.ts", "TypeScript", 0, 0, 0, 0, 0, -20, 0, 0, 0, -6, -26
"c:\Users\YOUNESS\Desktop\projects\stages\group_edito\rh_project\edito_rh_projet\edito_rh_frontend\src\app\modules\gestions\modules\models\components\update-object-field\update-object-field.component.ts", "TypeScript", 0, 0, 0, 0, 0, -90, 0, 0, 0, -12, -102
"c:\Users\YOUNESS\Desktop\projects\stages\group_edito\rh_project\edito_rh_projet\edito_rh_frontend\src\app\modules\gestions\modules\models\components\update-objects-field\update-objects-field.component.html", "HTML", 0, 0, 0, 0, 0, 0, -42, 0, -1, -3, -46
"c:\Users\YOUNESS\Desktop\projects\stages\group_edito\rh_project\edito_rh_projet\edito_rh_frontend\src\app\modules\gestions\modules\models\components\update-objects-field\update-objects-field.component.scss", "SCSS", 0, 0, 0, -31, 0, 0, 0, 0, -4, -9, -44
"c:\Users\YOUNESS\Desktop\projects\stages\group_edito\rh_project\edito_rh_projet\edito_rh_frontend\src\app\modules\gestions\modules\models\components\update-objects-field\update-objects-field.component.spec.ts", "TypeScript", 0, 0, 0, 0, 0, -20, 0, 0, 0, -6, -26
"c:\Users\YOUNESS\Desktop\projects\stages\group_edito\rh_project\edito_rh_projet\edito_rh_frontend\src\app\modules\gestions\modules\models\components\update-objects-field\update-objects-field.component.ts", "TypeScript", 0, 0, 0, 0, 0, -207, 0, 0, -5, -27, -239
"c:\Users\YOUNESS\Desktop\projects\stages\group_edito\rh_project\edito_rh_projet\edito_rh_frontend\src\app\modules\gestions\modules\models\models-routing.module.ts", "TypeScript", 0, 0, 0, 0, 0, -31, 0, 0, 0, -3, -34
"c:\Users\YOUNESS\Desktop\projects\stages\group_edito\rh_project\edito_rh_projet\edito_rh_frontend\src\app\modules\gestions\modules\models\models.module.ts", "TypeScript", 0, 0, 0, 0, 0, -58, 0, 0, 0, -4, -62
"c:\Users\YOUNESS\Desktop\projects\stages\group_edito\rh_project\edito_rh_projet\edito_rh_frontend\src\app\modules\gestions\modules\models\pages\affectation\affectation.component.html", "HTML", 0, 0, 0, 0, 0, 0, -7, 0, 0, 0, -7
"c:\Users\YOUNESS\Desktop\projects\stages\group_edito\rh_project\edito_rh_projet\edito_rh_frontend\src\app\modules\gestions\modules\models\pages\affectation\affectation.component.scss", "SCSS", 0, 0, 0, 0, 0, 0, 0, 0, 0, -1, -1
"c:\Users\YOUNESS\Desktop\projects\stages\group_edito\rh_project\edito_rh_projet\edito_rh_frontend\src\app\modules\gestions\modules\models\pages\affectation\affectation.component.spec.ts", "TypeScript", 0, 0, 0, 0, 0, -20, 0, 0, 0, -6, -26
"c:\Users\YOUNESS\Desktop\projects\stages\group_edito\rh_project\edito_rh_projet\edito_rh_frontend\src\app\modules\gestions\modules\models\pages\affectation\affectation.component.ts", "TypeScript", 0, 0, 0, 0, 0, -73, 0, 0, 0, -9, -82
"c:\Users\YOUNESS\Desktop\projects\stages\group_edito\rh_project\edito_rh_projet\edito_rh_frontend\src\app\modules\gestions\modules\models\pages\centre-cout\centre-cout.component.html", "HTML", 0, 0, 0, 0, 0, 0, -7, 0, 0, 0, -7
"c:\Users\YOUNESS\Desktop\projects\stages\group_edito\rh_project\edito_rh_projet\edito_rh_frontend\src\app\modules\gestions\modules\models\pages\centre-cout\centre-cout.component.scss", "SCSS", 0, 0, 0, 0, 0, 0, 0, 0, 0, -1, -1
"c:\Users\YOUNESS\Desktop\projects\stages\group_edito\rh_project\edito_rh_projet\edito_rh_frontend\src\app\modules\gestions\modules\models\pages\centre-cout\centre-cout.component.spec.ts", "TypeScript", 0, 0, 0, 0, 0, -20, 0, 0, 0, -6, -26
"c:\Users\YOUNESS\Desktop\projects\stages\group_edito\rh_project\edito_rh_projet\edito_rh_frontend\src\app\modules\gestions\modules\models\pages\centre-cout\centre-cout.component.ts", "TypeScript", 0, 0, 0, 0, 0, -73, 0, 0, 0, -10, -83
"c:\Users\YOUNESS\Desktop\projects\stages\group_edito\rh_project\edito_rh_projet\edito_rh_frontend\src\app\modules\gestions\modules\models\pages\contrat\contrat.component.html", "HTML", 0, 0, 0, 0, 0, 0, -7, 0, 0, 0, -7
"c:\Users\YOUNESS\Desktop\projects\stages\group_edito\rh_project\edito_rh_projet\edito_rh_frontend\src\app\modules\gestions\modules\models\pages\contrat\contrat.component.scss", "SCSS", 0, 0, 0, 0, 0, 0, 0, 0, 0, -1, -1
"c:\Users\YOUNESS\Desktop\projects\stages\group_edito\rh_project\edito_rh_projet\edito_rh_frontend\src\app\modules\gestions\modules\models\pages\contrat\contrat.component.spec.ts", "TypeScript", 0, 0, 0, 0, 0, -20, 0, 0, 0, -6, -26
"c:\Users\YOUNESS\Desktop\projects\stages\group_edito\rh_project\edito_rh_projet\edito_rh_frontend\src\app\modules\gestions\modules\models\pages\contrat\contrat.component.ts", "TypeScript", 0, 0, 0, 0, 0, -73, 0, 0, 0, -10, -83
"c:\Users\YOUNESS\Desktop\projects\stages\group_edito\rh_project\edito_rh_projet\edito_rh_frontend\src\app\modules\gestions\modules\models\pages\direction\direction.component.html", "HTML", 0, 0, 0, 0, 0, 0, -8, 0, 0, 0, -8
"c:\Users\YOUNESS\Desktop\projects\stages\group_edito\rh_project\edito_rh_projet\edito_rh_frontend\src\app\modules\gestions\modules\models\pages\direction\direction.component.scss", "SCSS", 0, 0, 0, 0, 0, 0, 0, 0, 0, -1, -1
"c:\Users\YOUNESS\Desktop\projects\stages\group_edito\rh_project\edito_rh_projet\edito_rh_frontend\src\app\modules\gestions\modules\models\pages\direction\direction.component.spec.ts", "TypeScript", 0, 0, 0, 0, 0, -20, 0, 0, 0, -6, -26
"c:\Users\YOUNESS\Desktop\projects\stages\group_edito\rh_project\edito_rh_projet\edito_rh_frontend\src\app\modules\gestions\modules\models\pages\direction\direction.component.ts", "TypeScript", 0, 0, 0, 0, 0, -73, 0, 0, 0, -12, -85
"c:\Users\YOUNESS\Desktop\projects\stages\group_edito\rh_project\edito_rh_projet\edito_rh_frontend\src\app\modules\gestions\modules\models\pages\employe\employe.component.html", "HTML", 0, 0, 0, 0, 0, 0, -7, 0, 0, 0, -7
"c:\Users\YOUNESS\Desktop\projects\stages\group_edito\rh_project\edito_rh_projet\edito_rh_frontend\src\app\modules\gestions\modules\models\pages\employe\employe.component.scss", "SCSS", 0, 0, 0, 0, 0, 0, 0, 0, 0, -1, -1
"c:\Users\YOUNESS\Desktop\projects\stages\group_edito\rh_project\edito_rh_projet\edito_rh_frontend\src\app\modules\gestions\modules\models\pages\employe\employe.component.spec.ts", "TypeScript", 0, 0, 0, 0, 0, -20, 0, 0, 0, -6, -26
"c:\Users\YOUNESS\Desktop\projects\stages\group_edito\rh_project\edito_rh_projet\edito_rh_frontend\src\app\modules\gestions\modules\models\pages\employe\employe.component.ts", "TypeScript", 0, 0, 0, 0, 0, -73, 0, 0, 0, -10, -83
"c:\Users\YOUNESS\Desktop\projects\stages\group_edito\rh_project\edito_rh_projet\edito_rh_frontend\src\app\modules\gestions\modules\models\pages\entite\entite.component.html", "HTML", 0, 0, 0, 0, 0, 0, -7, 0, 0, -1, -8
"c:\Users\YOUNESS\Desktop\projects\stages\group_edito\rh_project\edito_rh_projet\edito_rh_frontend\src\app\modules\gestions\modules\models\pages\entite\entite.component.scss", "SCSS", 0, 0, 0, 0, 0, 0, 0, 0, 0, -1, -1
"c:\Users\YOUNESS\Desktop\projects\stages\group_edito\rh_project\edito_rh_projet\edito_rh_frontend\src\app\modules\gestions\modules\models\pages\entite\entite.component.spec.ts", "TypeScript", 0, 0, 0, 0, 0, -20, 0, 0, 0, -6, -26
"c:\Users\YOUNESS\Desktop\projects\stages\group_edito\rh_project\edito_rh_projet\edito_rh_frontend\src\app\modules\gestions\modules\models\pages\entite\entite.component.ts", "TypeScript", 0, 0, 0, 0, 0, -73, 0, 0, 0, -10, -83
"c:\Users\YOUNESS\Desktop\projects\stages\group_edito\rh_project\edito_rh_projet\edito_rh_frontend\src\app\modules\gestions\modules\models\pages\fonction\fonction.component.html", "HTML", 0, 0, 0, 0, 0, 0, -7, 0, 0, 0, -7
"c:\Users\YOUNESS\Desktop\projects\stages\group_edito\rh_project\edito_rh_projet\edito_rh_frontend\src\app\modules\gestions\modules\models\pages\fonction\fonction.component.scss", "SCSS", 0, 0, 0, 0, 0, 0, 0, 0, 0, -1, -1
"c:\Users\YOUNESS\Desktop\projects\stages\group_edito\rh_project\edito_rh_projet\edito_rh_frontend\src\app\modules\gestions\modules\models\pages\fonction\fonction.component.spec.ts", "TypeScript", 0, 0, 0, 0, 0, -20, 0, 0, 0, -6, -26
"c:\Users\YOUNESS\Desktop\projects\stages\group_edito\rh_project\edito_rh_projet\edito_rh_frontend\src\app\modules\gestions\modules\models\pages\fonction\fonction.component.ts", "TypeScript", 0, 0, 0, 0, 0, -73, 0, 0, 0, -12, -85
"c:\Users\YOUNESS\Desktop\projects\stages\group_edito\rh_project\edito_rh_projet\edito_rh_frontend\src\app\modules\gestions\modules\models\pages\formule\formule.component.html", "HTML", 0, 0, 0, 0, 0, 0, -7, 0, 0, -1, -8
"c:\Users\YOUNESS\Desktop\projects\stages\group_edito\rh_project\edito_rh_projet\edito_rh_frontend\src\app\modules\gestions\modules\models\pages\formule\formule.component.scss", "SCSS", 0, 0, 0, 0, 0, 0, 0, 0, 0, -1, -1
"c:\Users\YOUNESS\Desktop\projects\stages\group_edito\rh_project\edito_rh_projet\edito_rh_frontend\src\app\modules\gestions\modules\models\pages\formule\formule.component.spec.ts", "TypeScript", 0, 0, 0, 0, 0, -20, 0, 0, 0, -6, -26
"c:\Users\YOUNESS\Desktop\projects\stages\group_edito\rh_project\edito_rh_projet\edito_rh_frontend\src\app\modules\gestions\modules\models\pages\formule\formule.component.ts", "TypeScript", 0, 0, 0, 0, 0, -73, 0, 0, 0, -11, -84
"c:\Users\YOUNESS\Desktop\projects\stages\group_edito\rh_project\edito_rh_projet\edito_rh_frontend\src\app\modules\gestions\modules\models\pages\rubrique\rubrique.component.html", "HTML", 0, 0, 0, 0, 0, 0, -7, 0, 0, -1, -8
"c:\Users\YOUNESS\Desktop\projects\stages\group_edito\rh_project\edito_rh_projet\edito_rh_frontend\src\app\modules\gestions\modules\models\pages\rubrique\rubrique.component.scss", "SCSS", 0, 0, 0, 0, 0, 0, 0, 0, 0, -1, -1
"c:\Users\YOUNESS\Desktop\projects\stages\group_edito\rh_project\edito_rh_projet\edito_rh_frontend\src\app\modules\gestions\modules\models\pages\rubrique\rubrique.component.spec.ts", "TypeScript", 0, 0, 0, 0, 0, -20, 0, 0, 0, -6, -26
"c:\Users\YOUNESS\Desktop\projects\stages\group_edito\rh_project\edito_rh_projet\edito_rh_frontend\src\app\modules\gestions\modules\models\pages\rubrique\rubrique.component.ts", "TypeScript", 0, 0, 0, 0, 0, -73, 0, 0, 0, -11, -84
"c:\Users\YOUNESS\Desktop\projects\stages\group_edito\rh_project\edito_rh_projet\edito_rh_frontend\src\app\modules\gestions\modules\models\pages\variable\variable.component.html", "HTML", 0, 0, 0, 0, 0, 0, -7, 0, 0, -1, -8
"c:\Users\YOUNESS\Desktop\projects\stages\group_edito\rh_project\edito_rh_projet\edito_rh_frontend\src\app\modules\gestions\modules\models\pages\variable\variable.component.scss", "SCSS", 0, 0, 0, 0, 0, 0, 0, 0, 0, -1, -1
"c:\Users\YOUNESS\Desktop\projects\stages\group_edito\rh_project\edito_rh_projet\edito_rh_frontend\src\app\modules\gestions\modules\models\pages\variable\variable.component.spec.ts", "TypeScript", 0, 0, 0, 0, 0, -20, 0, 0, 0, -6, -26
"c:\Users\YOUNESS\Desktop\projects\stages\group_edito\rh_project\edito_rh_projet\edito_rh_frontend\src\app\modules\gestions\modules\models\pages\variable\variable.component.ts", "TypeScript", 0, 0, 0, 0, 0, -73, 0, 0, 0, -12, -85
"c:\Users\YOUNESS\Desktop\projects\stages\group_edito\rh_project\edito_rh_projet\edito_rh_frontend\src\app\modules\gestions\modules\models\pages\ville\ville.component.html", "HTML", 0, 0, 0, 0, 0, 0, -7, 0, 0, 0, -7
"c:\Users\YOUNESS\Desktop\projects\stages\group_edito\rh_project\edito_rh_projet\edito_rh_frontend\src\app\modules\gestions\modules\models\pages\ville\ville.component.scss", "SCSS", 0, 0, 0, 0, 0, 0, 0, 0, 0, -1, -1
"c:\Users\YOUNESS\Desktop\projects\stages\group_edito\rh_project\edito_rh_projet\edito_rh_frontend\src\app\modules\gestions\modules\models\pages\ville\ville.component.spec.ts", "TypeScript", 0, 0, 0, 0, 0, -20, 0, 0, 0, -6, -26
"c:\Users\YOUNESS\Desktop\projects\stages\group_edito\rh_project\edito_rh_projet\edito_rh_frontend\src\app\modules\gestions\modules\models\pages\ville\ville.component.ts", "TypeScript", 0, 0, 0, 0, 0, -77, 0, 0, 0, -10, -87
"c:\Users\YOUNESS\Desktop\projects\stages\group_edito\rh_project\edito_rh_projet\edito_rh_frontend\src\app\modules\gestions\modules\models\state\model.actions.ts", "TypeScript", 0, 0, 0, 0, 0, -219, 0, 0, -10, -16, -245
"c:\Users\YOUNESS\Desktop\projects\stages\group_edito\rh_project\edito_rh_projet\edito_rh_frontend\src\app\modules\gestions\modules\models\state\model.effects.ts", "TypeScript", 0, 0, 0, 0, 0, -1257, 0, 0, -3, -59, -1319
"c:\Users\YOUNESS\Desktop\projects\stages\group_edito\rh_project\edito_rh_projet\edito_rh_frontend\src\app\modules\gestions\modules\models\state\model.refucers.ts", "TypeScript", 0, 0, 0, 0, 0, -353, 0, 0, -4, -4, -361
"c:\Users\YOUNESS\Desktop\projects\stages\group_edito\rh_project\edito_rh_projet\edito_rh_frontend\src\app\modules\gestions\modules\models\state\model.selectors.ts", "TypeScript", 0, 0, 0, 0, 0, -57, 0, 0, 0, -28, -85
"c:\Users\YOUNESS\Desktop\projects\stages\group_edito\rh_project\edito_rh_projet\edito_rh_frontend\src\app\modules\gestions\modules\models\state\model.state.ts", "TypeScript", 0, 0, 0, 0, 0, -70, 0, 0, 0, -7, -77
"c:\Users\YOUNESS\Desktop\projects\stages\group_edito\rh_project\edito_rh_projet\edito_rh_frontend\src\app\modules\gestions\pages\gestion-affectations\gestion-affectations.component.html", "HTML", 0, 0, 0, 0, 0, 0, -1, 0, 0, 0, -1
"c:\Users\YOUNESS\Desktop\projects\stages\group_edito\rh_project\edito_rh_projet\edito_rh_frontend\src\app\modules\gestions\pages\gestion-affectations\gestion-affectations.component.scss", "SCSS", 0, 0, 0, 0, 0, 0, 0, 0, 0, -1, -1
"c:\Users\YOUNESS\Desktop\projects\stages\group_edito\rh_project\edito_rh_projet\edito_rh_frontend\src\app\modules\gestions\pages\gestion-affectations\gestion-affectations.component.spec.ts", "TypeScript", 0, 0, 0, 0, 0, -20, 0, 0, 0, -6, -26
"c:\Users\YOUNESS\Desktop\projects\stages\group_edito\rh_project\edito_rh_projet\edito_rh_frontend\src\app\modules\gestions\pages\gestion-affectations\gestion-affectations.component.ts", "TypeScript", 0, 0, 0, 0, 0, -55, 0, 0, 0, -7, -62
"c:\Users\YOUNESS\Desktop\projects\stages\group_edito\rh_project\edito_rh_projet\edito_rh_frontend\src\app\modules\gestions\pages\gestion-centres-cout\gestion-centres-cout.component.html", "HTML", 0, 0, 0, 0, 0, 0, -1, 0, 0, -1, -2
"c:\Users\YOUNESS\Desktop\projects\stages\group_edito\rh_project\edito_rh_projet\edito_rh_frontend\src\app\modules\gestions\pages\gestion-centres-cout\gestion-centres-cout.component.scss", "SCSS", 0, 0, 0, 0, 0, 0, 0, 0, 0, -1, -1
"c:\Users\YOUNESS\Desktop\projects\stages\group_edito\rh_project\edito_rh_projet\edito_rh_frontend\src\app\modules\gestions\pages\gestion-centres-cout\gestion-centres-cout.component.spec.ts", "TypeScript", 0, 0, 0, 0, 0, -20, 0, 0, 0, -6, -26
"c:\Users\YOUNESS\Desktop\projects\stages\group_edito\rh_project\edito_rh_projet\edito_rh_frontend\src\app\modules\gestions\pages\gestion-centres-cout\gestion-centres-cout.component.ts", "TypeScript", 0, 0, 0, 0, 0, -55, 0, 0, 0, -9, -64
"c:\Users\YOUNESS\Desktop\projects\stages\group_edito\rh_project\edito_rh_projet\edito_rh_frontend\src\app\modules\gestions\pages\gestion-contrats\gestion-contrats.component.html", "HTML", 0, 0, 0, 0, 0, 0, -1, 0, 0, -1, -2
"c:\Users\YOUNESS\Desktop\projects\stages\group_edito\rh_project\edito_rh_projet\edito_rh_frontend\src\app\modules\gestions\pages\gestion-contrats\gestion-contrats.component.scss", "SCSS", 0, 0, 0, 0, 0, 0, 0, 0, 0, -1, -1
"c:\Users\YOUNESS\Desktop\projects\stages\group_edito\rh_project\edito_rh_projet\edito_rh_frontend\src\app\modules\gestions\pages\gestion-contrats\gestion-contrats.component.spec.ts", "TypeScript", 0, 0, 0, 0, 0, -20, 0, 0, 0, -6, -26
"c:\Users\YOUNESS\Desktop\projects\stages\group_edito\rh_project\edito_rh_projet\edito_rh_frontend\src\app\modules\gestions\pages\gestion-contrats\gestion-contrats.component.ts", "TypeScript", 0, 0, 0, 0, 0, -55, 0, 0, 0, -9, -64
"c:\Users\YOUNESS\Desktop\projects\stages\group_edito\rh_project\edito_rh_projet\edito_rh_frontend\src\app\modules\gestions\pages\gestion-directions\gestion-directions.component.html", "HTML", 0, 0, 0, 0, 0, 0, -1, 0, 0, -1, -2
"c:\Users\YOUNESS\Desktop\projects\stages\group_edito\rh_project\edito_rh_projet\edito_rh_frontend\src\app\modules\gestions\pages\gestion-directions\gestion-directions.component.scss", "SCSS", 0, 0, 0, 0, 0, 0, 0, 0, 0, -1, -1
"c:\Users\YOUNESS\Desktop\projects\stages\group_edito\rh_project\edito_rh_projet\edito_rh_frontend\src\app\modules\gestions\pages\gestion-directions\gestion-directions.component.spec.ts", "TypeScript", 0, 0, 0, 0, 0, -20, 0, 0, 0, -6, -26
"c:\Users\YOUNESS\Desktop\projects\stages\group_edito\rh_project\edito_rh_projet\edito_rh_frontend\src\app\modules\gestions\pages\gestion-directions\gestion-directions.component.ts", "TypeScript", 0, 0, 0, 0, 0, -55, 0, 0, 0, -9, -64
"c:\Users\YOUNESS\Desktop\projects\stages\group_edito\rh_project\edito_rh_projet\edito_rh_frontend\src\app\modules\gestions\pages\gestion-employes\gestion-employes.component.html", "HTML", 0, 0, 0, 0, 0, 0, -1, 0, 0, -1, -2
"c:\Users\YOUNESS\Desktop\projects\stages\group_edito\rh_project\edito_rh_projet\edito_rh_frontend\src\app\modules\gestions\pages\gestion-employes\gestion-employes.component.scss", "SCSS", 0, 0, 0, 0, 0, 0, 0, 0, 0, -1, -1
"c:\Users\YOUNESS\Desktop\projects\stages\group_edito\rh_project\edito_rh_projet\edito_rh_frontend\src\app\modules\gestions\pages\gestion-employes\gestion-employes.component.spec.ts", "TypeScript", 0, 0, 0, 0, 0, -20, 0, 0, 0, -6, -26
"c:\Users\YOUNESS\Desktop\projects\stages\group_edito\rh_project\edito_rh_projet\edito_rh_frontend\src\app\modules\gestions\pages\gestion-employes\gestion-employes.component.ts", "TypeScript", 0, 0, 0, 0, 0, -55, 0, 0, 0, -9, -64
"c:\Users\YOUNESS\Desktop\projects\stages\group_edito\rh_project\edito_rh_projet\edito_rh_frontend\src\app\modules\gestions\pages\gestion-entites\gestion-entites.component.html", "HTML", 0, 0, 0, 0, 0, 0, -1, 0, 0, -1, -2
"c:\Users\YOUNESS\Desktop\projects\stages\group_edito\rh_project\edito_rh_projet\edito_rh_frontend\src\app\modules\gestions\pages\gestion-entites\gestion-entites.component.scss", "SCSS", 0, 0, 0, 0, 0, 0, 0, 0, 0, -1, -1
"c:\Users\YOUNESS\Desktop\projects\stages\group_edito\rh_project\edito_rh_projet\edito_rh_frontend\src\app\modules\gestions\pages\gestion-entites\gestion-entites.component.spec.ts", "TypeScript", 0, 0, 0, 0, 0, -20, 0, 0, 0, -6, -26
"c:\Users\YOUNESS\Desktop\projects\stages\group_edito\rh_project\edito_rh_projet\edito_rh_frontend\src\app\modules\gestions\pages\gestion-entites\gestion-entites.component.ts", "TypeScript", 0, 0, 0, 0, 0, -55, 0, 0, 0, -8, -63
"c:\Users\YOUNESS\Desktop\projects\stages\group_edito\rh_project\edito_rh_projet\edito_rh_frontend\src\app\modules\gestions\pages\gestion-fonctions\gestion-fonctions.component.html", "HTML", 0, 0, 0, 0, 0, 0, -1, 0, 0, 0, -1
"c:\Users\YOUNESS\Desktop\projects\stages\group_edito\rh_project\edito_rh_projet\edito_rh_frontend\src\app\modules\gestions\pages\gestion-fonctions\gestion-fonctions.component.scss", "SCSS", 0, 0, 0, 0, 0, 0, 0, 0, 0, -1, -1
"c:\Users\YOUNESS\Desktop\projects\stages\group_edito\rh_project\edito_rh_projet\edito_rh_frontend\src\app\modules\gestions\pages\gestion-fonctions\gestion-fonctions.component.spec.ts", "TypeScript", 0, 0, 0, 0, 0, -20, 0, 0, 0, -6, -26
"c:\Users\YOUNESS\Desktop\projects\stages\group_edito\rh_project\edito_rh_projet\edito_rh_frontend\src\app\modules\gestions\pages\gestion-fonctions\gestion-fonctions.component.ts", "TypeScript", 0, 0, 0, 0, 0, -57, 0, 0, 0, -7, -64
"c:\Users\YOUNESS\Desktop\projects\stages\group_edito\rh_project\edito_rh_projet\edito_rh_frontend\src\app\modules\gestions\pages\gestion-formules\gestion-formules.component.html", "HTML", 0, 0, 0, 0, 0, 0, -1, 0, 0, -1, -2
"c:\Users\YOUNESS\Desktop\projects\stages\group_edito\rh_project\edito_rh_projet\edito_rh_frontend\src\app\modules\gestions\pages\gestion-formules\gestion-formules.component.scss", "SCSS", 0, 0, 0, 0, 0, 0, 0, 0, 0, -1, -1
"c:\Users\YOUNESS\Desktop\projects\stages\group_edito\rh_project\edito_rh_projet\edito_rh_frontend\src\app\modules\gestions\pages\gestion-formules\gestion-formules.component.spec.ts", "TypeScript", 0, 0, 0, 0, 0, -20, 0, 0, 0, -6, -26
"c:\Users\YOUNESS\Desktop\projects\stages\group_edito\rh_project\edito_rh_projet\edito_rh_frontend\src\app\modules\gestions\pages\gestion-formules\gestion-formules.component.ts", "TypeScript", 0, 0, 0, 0, 0, -55, 0, 0, 0, -7, -62
"c:\Users\YOUNESS\Desktop\projects\stages\group_edito\rh_project\edito_rh_projet\edito_rh_frontend\src\app\modules\gestions\pages\gestion-rubriques\gestion-rubriques.component.html", "HTML", 0, 0, 0, 0, 0, 0, -1, 0, 0, -1, -2
"c:\Users\YOUNESS\Desktop\projects\stages\group_edito\rh_project\edito_rh_projet\edito_rh_frontend\src\app\modules\gestions\pages\gestion-rubriques\gestion-rubriques.component.scss", "SCSS", 0, 0, 0, 0, 0, 0, 0, 0, 0, -1, -1
"c:\Users\YOUNESS\Desktop\projects\stages\group_edito\rh_project\edito_rh_projet\edito_rh_frontend\src\app\modules\gestions\pages\gestion-rubriques\gestion-rubriques.component.spec.ts", "TypeScript", 0, 0, 0, 0, 0, -20, 0, 0, 0, -6, -26
"c:\Users\YOUNESS\Desktop\projects\stages\group_edito\rh_project\edito_rh_projet\edito_rh_frontend\src\app\modules\gestions\pages\gestion-rubriques\gestion-rubriques.component.ts", "TypeScript", 0, 0, 0, 0, 0, -55, 0, 0, 0, -8, -63
"c:\Users\YOUNESS\Desktop\projects\stages\group_edito\rh_project\edito_rh_projet\edito_rh_frontend\src\app\modules\gestions\pages\gestion-variables\gestion-variables.component.html", "HTML", 0, 0, 0, 0, 0, 0, -1, 0, 0, 0, -1
"c:\Users\YOUNESS\Desktop\projects\stages\group_edito\rh_project\edito_rh_projet\edito_rh_frontend\src\app\modules\gestions\pages\gestion-variables\gestion-variables.component.scss", "SCSS", 0, 0, 0, 0, 0, 0, 0, 0, 0, -1, -1
"c:\Users\YOUNESS\Desktop\projects\stages\group_edito\rh_project\edito_rh_projet\edito_rh_frontend\src\app\modules\gestions\pages\gestion-variables\gestion-variables.component.spec.ts", "TypeScript", 0, 0, 0, 0, 0, -20, 0, 0, 0, -6, -26
"c:\Users\YOUNESS\Desktop\projects\stages\group_edito\rh_project\edito_rh_projet\edito_rh_frontend\src\app\modules\gestions\pages\gestion-variables\gestion-variables.component.ts", "TypeScript", 0, 0, 0, 0, 0, -55, 0, 0, 0, -6, -61
"c:\Users\YOUNESS\Desktop\projects\stages\group_edito\rh_project\edito_rh_projet\edito_rh_frontend\src\app\modules\gestions\pages\gestion-villes\gestion-villes.component.html", "HTML", 0, 0, 0, 0, 0, 0, -1, 0, 0, -1, -2
"c:\Users\YOUNESS\Desktop\projects\stages\group_edito\rh_project\edito_rh_projet\edito_rh_frontend\src\app\modules\gestions\pages\gestion-villes\gestion-villes.component.scss", "SCSS", 0, 0, 0, 0, 0, 0, 0, 0, 0, -1, -1
"c:\Users\YOUNESS\Desktop\projects\stages\group_edito\rh_project\edito_rh_projet\edito_rh_frontend\src\app\modules\gestions\pages\gestion-villes\gestion-villes.component.spec.ts", "TypeScript", 0, 0, 0, 0, 0, -20, 0, 0, 0, -6, -26
"c:\Users\YOUNESS\Desktop\projects\stages\group_edito\rh_project\edito_rh_projet\edito_rh_frontend\src\app\modules\gestions\pages\gestion-villes\gestion-villes.component.ts", "TypeScript", 0, 0, 0, 0, 0, -55, 0, 0, 0, -7, -62
"c:\Users\YOUNESS\Desktop\projects\stages\group_edito\rh_project\edito_rh_projet\edito_rh_frontend\src\app\modules\gestions\pages\gestion\gestion.component.html", "HTML", 0, 0, 0, 0, 0, 0, -15, 0, 0, -3, -18
"c:\Users\YOUNESS\Desktop\projects\stages\group_edito\rh_project\edito_rh_projet\edito_rh_frontend\src\app\modules\gestions\pages\gestion\gestion.component.scss", "SCSS", 0, 0, 0, -31, 0, 0, 0, 0, 0, -8, -39
"c:\Users\YOUNESS\Desktop\projects\stages\group_edito\rh_project\edito_rh_projet\edito_rh_frontend\src\app\modules\gestions\pages\gestion\gestion.component.spec.ts", "TypeScript", 0, 0, 0, 0, 0, -20, 0, 0, 0, -6, -26
"c:\Users\YOUNESS\Desktop\projects\stages\group_edito\rh_project\edito_rh_projet\edito_rh_frontend\src\app\modules\gestions\pages\gestion\gestion.component.ts", "TypeScript", 0, 0, 0, 0, 0, -46, 0, 0, 0, -6, -52
"c:\Users\YOUNESS\Desktop\projects\stages\group_edito\rh_project\edito_rh_projet\edito_rh_frontend\src\app\modules\gestions\services\gestion.service.spec.ts", "TypeScript", 0, 0, 0, 0, 0, -12, 0, 0, 0, -5, -17
"c:\Users\YOUNESS\Desktop\projects\stages\group_edito\rh_project\edito_rh_projet\edito_rh_frontend\src\app\modules\gestions\services\gestion.service.ts", "TypeScript", 0, 0, 0, 0, 0, -375, 0, 0, -5, -18, -398
"c:\Users\YOUNESS\Desktop\projects\stages\group_edito\rh_project\edito_rh_projet\edito_rh_frontend\src\app\modules\gestions\state\gestion.actions.ts", "TypeScript", 0, 0, 0, 0, 0, -71, 0, 0, -3, -21, -95
"c:\Users\YOUNESS\Desktop\projects\stages\group_edito\rh_project\edito_rh_projet\edito_rh_frontend\src\app\modules\gestions\state\gestion.effects.ts", "TypeScript", 0, 0, 0, 0, 0, -323, 0, 0, -20, -51, -394
"c:\Users\YOUNESS\Desktop\projects\stages\group_edito\rh_project\edito_rh_projet\edito_rh_frontend\src\app\modules\gestions\state\gestion.reducers.ts", "TypeScript", 0, 0, 0, 0, 0, -122, 0, 0, 0, -4, -126
"c:\Users\YOUNESS\Desktop\projects\stages\group_edito\rh_project\edito_rh_projet\edito_rh_frontend\src\app\modules\gestions\state\gestion.selectors.ts", "TypeScript", 0, 0, 0, 0, 0, -54, 0, 0, -11, -11, -76
"c:\Users\YOUNESS\Desktop\projects\stages\group_edito\rh_project\edito_rh_projet\edito_rh_frontend\src\app\modules\gestions\state\gestion.state.ts", "TypeScript", 0, 0, 0, 0, 0, -102, 0, 0, 0, -13, -115
"c:\Users\YOUNESS\Desktop\projects\stages\group_edito\rh_project\edito_rh_projet\edito_rh_frontend\src\app\modules\traitements\pages\traitements\traitements.component.html", "HTML", 0, 0, 0, 0, 0, 0, -1, 0, 0, -1, -2
"c:\Users\YOUNESS\Desktop\projects\stages\group_edito\rh_project\edito_rh_projet\edito_rh_frontend\src\app\modules\traitements\pages\traitements\traitements.component.scss", "SCSS", 0, 0, 0, 0, 0, 0, 0, 0, 0, -1, -1
"c:\Users\YOUNESS\Desktop\projects\stages\group_edito\rh_project\edito_rh_projet\edito_rh_frontend\src\app\modules\traitements\pages\traitements\traitements.component.spec.ts", "TypeScript", 0, 0, 0, 0, 0, -20, 0, 0, 0, -6, -26
"c:\Users\YOUNESS\Desktop\projects\stages\group_edito\rh_project\edito_rh_projet\edito_rh_frontend\src\app\modules\traitements\pages\traitements\traitements.component.ts", "TypeScript", 0, 0, 0, 0, 0, -26, 0, 0, 0, -6, -32
"c:\Users\YOUNESS\Desktop\projects\stages\group_edito\rh_project\edito_rh_projet\edito_rh_frontend\src\app\modules\traitements\state\traitement.actions.ts", "TypeScript", 0, 0, 0, 0, 0, -10, 0, 0, 0, -4, -14
"c:\Users\YOUNESS\Desktop\projects\stages\group_edito\rh_project\edito_rh_projet\edito_rh_frontend\src\app\modules\traitements\state\traitement.effects.ts", "TypeScript", 0, 0, 0, 0, 0, 0, 0, 0, 0, -1, -1
"c:\Users\YOUNESS\Desktop\projects\stages\group_edito\rh_project\edito_rh_projet\edito_rh_frontend\src\app\modules\traitements\state\traitement.reducers.ts", "TypeScript", 0, 0, 0, 0, 0, 0, 0, 0, 0, -1, -1
"c:\Users\YOUNESS\Desktop\projects\stages\group_edito\rh_project\edito_rh_projet\edito_rh_frontend\src\app\modules\traitements\state\traitement.state.ts", "TypeScript", 0, 0, 0, 0, 0, -4, 0, 0, 0, -2, -6
"c:\Users\YOUNESS\Desktop\projects\stages\group_edito\rh_project\edito_rh_projet\edito_rh_frontend\src\app\modules\traitements\state\tratiement.selectors.ts", "TypeScript", 0, 0, 0, 0, 0, 0, 0, 0, 0, -1, -1
"c:\Users\YOUNESS\Desktop\projects\stages\group_edito\rh_project\edito_rh_projet\edito_rh_frontend\src\app\modules\traitements\traitements-routing.module.ts", "TypeScript", 0, 0, 0, 0, 0, -12, 0, 0, 0, -3, -15
"c:\Users\YOUNESS\Desktop\projects\stages\group_edito\rh_project\edito_rh_projet\edito_rh_frontend\src\app\modules\traitements\traitements.module.ts", "TypeScript", 0, 0, 0, 0, 0, -24, 0, 0, 0, -4, -28
"c:\Users\YOUNESS\Desktop\projects\stages\group_edito\rh_project\edito_rh_projet\edito_rh_frontend\src\app\shared\components\layout\choose-entite-dialog\choose-entite-dialog.component.html", "HTML", 0, 0, 0, 0, 0, 0, -9, 0, 0, -1, -10
"c:\Users\YOUNESS\Desktop\projects\stages\group_edito\rh_project\edito_rh_projet\edito_rh_frontend\src\app\shared\components\layout\choose-entite-dialog\choose-entite-dialog.component.scss", "SCSS", 0, 0, 0, -19, 0, 0, 0, 0, 0, -6, -25
"c:\Users\YOUNESS\Desktop\projects\stages\group_edito\rh_project\edito_rh_projet\edito_rh_frontend\src\app\shared\components\layout\choose-entite-dialog\choose-entite-dialog.component.spec.ts", "TypeScript", 0, 0, 0, 0, 0, -20, 0, 0, 0, -6, -26
"c:\Users\YOUNESS\Desktop\projects\stages\group_edito\rh_project\edito_rh_projet\edito_rh_frontend\src\app\shared\components\layout\choose-entite-dialog\choose-entite-dialog.component.ts", "TypeScript", 0, 0, 0, 0, 0, -23, 0, 0, 0, -8, -31
"c:\Users\YOUNESS\Desktop\projects\stages\group_edito\rh_project\edito_rh_projet\edito_rh_frontend\src\app\shared\components\layout\footer\footer.component.html", "HTML", 0, 0, 0, 0, 0, 0, -7, 0, 0, -2, -9
"c:\Users\YOUNESS\Desktop\projects\stages\group_edito\rh_project\edito_rh_projet\edito_rh_frontend\src\app\shared\components\layout\footer\footer.component.scss", "SCSS", 0, 0, 0, -10, 0, 0, 0, 0, 0, -2, -12
"c:\Users\YOUNESS\Desktop\projects\stages\group_edito\rh_project\edito_rh_projet\edito_rh_frontend\src\app\shared\components\layout\footer\footer.component.spec.ts", "TypeScript", 0, 0, 0, 0, 0, -20, 0, 0, 0, -6, -26
"c:\Users\YOUNESS\Desktop\projects\stages\group_edito\rh_project\edito_rh_projet\edito_rh_frontend\src\app\shared\components\layout\footer\footer.component.ts", "TypeScript", 0, 0, 0, 0, 0, -24, 0, 0, 0, -4, -28
"c:\Users\YOUNESS\Desktop\projects\stages\group_edito\rh_project\edito_rh_projet\edito_rh_frontend\src\app\shared\components\layout\header\header.component.html", "HTML", 0, 0, 0, 0, 0, 0, -47, 0, -3, -30, -80
"c:\Users\YOUNESS\Desktop\projects\stages\group_edito\rh_project\edito_rh_projet\edito_rh_frontend\src\app\shared\components\layout\header\header.component.scss", "SCSS", 0, 0, 0, -34, 0, 0, 0, 0, 0, -6, -40
"c:\Users\YOUNESS\Desktop\projects\stages\group_edito\rh_project\edito_rh_projet\edito_rh_frontend\src\app\shared\components\layout\header\header.component.spec.ts", "TypeScript", 0, 0, 0, 0, 0, -20, 0, 0, 0, -6, -26
"c:\Users\YOUNESS\Desktop\projects\stages\group_edito\rh_project\edito_rh_projet\edito_rh_frontend\src\app\shared\components\layout\header\header.component.ts", "TypeScript", 0, 0, 0, 0, 0, -67, 0, 0, -1, -19, -87
"c:\Users\YOUNESS\Desktop\projects\stages\group_edito\rh_project\edito_rh_projet\edito_rh_frontend\src\app\shared\components\layout\sidenav\sidenav.component.html", "HTML", 0, 0, 0, 0, 0, 0, -10, 0, 0, -1, -11
"c:\Users\YOUNESS\Desktop\projects\stages\group_edito\rh_project\edito_rh_projet\edito_rh_frontend\src\app\shared\components\layout\sidenav\sidenav.component.scss", "SCSS", 0, 0, 0, -18, 0, 0, 0, 0, 0, -5, -23
"c:\Users\YOUNESS\Desktop\projects\stages\group_edito\rh_project\edito_rh_projet\edito_rh_frontend\src\app\shared\components\layout\sidenav\sidenav.component.spec.ts", "TypeScript", 0, 0, 0, 0, 0, -20, 0, 0, 0, -6, -26
"c:\Users\YOUNESS\Desktop\projects\stages\group_edito\rh_project\edito_rh_projet\edito_rh_frontend\src\app\shared\components\layout\sidenav\sidenav.component.ts", "TypeScript", 0, 0, 0, 0, 0, -27, 0, 0, 0, -10, -37
"c:\Users\YOUNESS\Desktop\projects\stages\group_edito\rh_project\edito_rh_projet\edito_rh_frontend\src\app\shared\components\layout\state\layout.actions.ts", "TypeScript", 0, 0, 0, 0, 0, -12, 0, 0, 0, -9, -21
"c:\Users\YOUNESS\Desktop\projects\stages\group_edito\rh_project\edito_rh_projet\edito_rh_frontend\src\app\shared\components\layout\state\layout.effects.ts", "TypeScript", 0, 0, 0, 0, 0, 0, 0, 0, 0, -1, -1
"c:\Users\YOUNESS\Desktop\projects\stages\group_edito\rh_project\edito_rh_projet\edito_rh_frontend\src\app\shared\components\layout\state\layout.interface.ts", "TypeScript", 0, 0, 0, 0, 0, -16, 0, 0, 0, -4, -20
"c:\Users\YOUNESS\Desktop\projects\stages\group_edito\rh_project\edito_rh_projet\edito_rh_frontend\src\app\shared\components\layout\state\layout.reducer.ts", "TypeScript", 0, 0, 0, 0, 0, -33, 0, 0, 0, -6, -39
"c:\Users\YOUNESS\Desktop\projects\stages\group_edito\rh_project\edito_rh_projet\edito_rh_frontend\src\app\shared\components\layout\state\layout.selector.ts", "TypeScript", 0, 0, 0, 0, 0, -15, 0, 0, 0, -9, -24
"c:\Users\YOUNESS\Desktop\projects\stages\group_edito\rh_project\edito_rh_projet\edito_rh_frontend\src\app\shared\components\layout\state\layout.state.ts", "TypeScript", 0, 0, 0, 0, 0, -7, 0, 0, 0, -6, -13
"c:\Users\YOUNESS\Desktop\projects\stages\group_edito\rh_project\edito_rh_projet\edito_rh_frontend\src\app\shared\models\affectation.model.ts", "TypeScript", 0, 0, 0, 0, 0, -30, 0, 0, 0, -8, -38
"c:\Users\YOUNESS\Desktop\projects\stages\group_edito\rh_project\edito_rh_projet\edito_rh_frontend\src\app\shared\models\centre_cout.model.ts", "TypeScript", 0, 0, 0, 0, 0, -30, 0, 0, 0, -8, -38
"c:\Users\YOUNESS\Desktop\projects\stages\group_edito\rh_project\edito_rh_projet\edito_rh_frontend\src\app\shared\models\contrat.model.ts", "TypeScript", 0, 0, 0, 0, 0, -30, 0, 0, 0, -8, -38
"c:\Users\YOUNESS\Desktop\projects\stages\group_edito\rh_project\edito_rh_projet\edito_rh_frontend\src\app\shared\models\delegue.model.ts", "TypeScript", 0, 0, 0, 0, 0, -35, 0, 0, 0, -9, -44
"c:\Users\YOUNESS\Desktop\projects\stages\group_edito\rh_project\edito_rh_projet\edito_rh_frontend\src\app\shared\models\direction.model.ts", "TypeScript", 0, 0, 0, 0, 0, -30, 0, 0, 0, -8, -38
"c:\Users\YOUNESS\Desktop\projects\stages\group_edito\rh_project\edito_rh_projet\edito_rh_frontend\src\app\shared\models\employe.model.ts", "TypeScript", 0, 0, 0, 0, 0, -219, 0, 0, 0, -35, -254
"c:\Users\YOUNESS\Desktop\projects\stages\group_edito\rh_project\edito_rh_projet\edito_rh_frontend\src\app\shared\models\entite.model.ts", "TypeScript", 0, 0, 0, 0, 0, -30, 0, 0, 0, -9, -39
"c:\Users\YOUNESS\Desktop\projects\stages\group_edito\rh_project\edito_rh_projet\edito_rh_frontend\src\app\shared\models\fonction.model.ts", "TypeScript", 0, 0, 0, 0, 0, -30, 0, 0, 0, -10, -40
"c:\Users\YOUNESS\Desktop\projects\stages\group_edito\rh_project\edito_rh_projet\edito_rh_frontend\src\app\shared\models\formule.model.ts", "TypeScript", 0, 0, 0, 0, 0, -38, 0, 0, 0, -11, -49
"c:\Users\YOUNESS\Desktop\projects\stages\group_edito\rh_project\edito_rh_projet\edito_rh_frontend\src\app\shared\models\rubrique.model.ts", "TypeScript", 0, 0, 0, 0, 0, -39, 0, 0, 0, -11, -50
"c:\Users\YOUNESS\Desktop\projects\stages\group_edito\rh_project\edito_rh_projet\edito_rh_frontend\src\app\shared\models\traitement.model.ts", "TypeScript", 0, 0, 0, 0, 0, -24, 0, 0, 0, -8, -32
"c:\Users\YOUNESS\Desktop\projects\stages\group_edito\rh_project\edito_rh_projet\edito_rh_frontend\src\app\shared\models\user.model.ts", "TypeScript", 0, 0, 0, 0, 0, -30, 0, 0, -3, -11, -44
"c:\Users\YOUNESS\Desktop\projects\stages\group_edito\rh_project\edito_rh_projet\edito_rh_frontend\src\app\shared\models\variable.model.ts", "TypeScript", 0, 0, 0, 0, 0, -30, 0, 0, 0, -9, -39
"c:\Users\YOUNESS\Desktop\projects\stages\group_edito\rh_project\edito_rh_projet\edito_rh_frontend\src\app\shared\models\ville.model.ts", "TypeScript", 0, 0, 0, 0, 0, -24, 0, 0, 0, -9, -33
"c:\Users\YOUNESS\Desktop\projects\stages\group_edito\rh_project\edito_rh_projet\edito_rh_frontend\src\app\shared\services\layout.service.spec.ts", "TypeScript", 0, 0, 0, 0, 0, -12, 0, 0, 0, -5, -17
"c:\Users\YOUNESS\Desktop\projects\stages\group_edito\rh_project\edito_rh_projet\edito_rh_frontend\src\app\shared\services\layout.service.ts", "TypeScript", 0, 0, 0, 0, 0, -15, 0, 0, 0, -6, -21
"c:\Users\YOUNESS\Desktop\projects\stages\group_edito\rh_project\edito_rh_projet\edito_rh_frontend\src\app\state\app.actions.ts", "TypeScript", 0, 0, 0, 0, 0, -2, 0, 0, 0, -2, -4
"c:\Users\YOUNESS\Desktop\projects\stages\group_edito\rh_project\edito_rh_projet\edito_rh_frontend\src\app\state\app.reducer.ts", "TypeScript", 0, 0, 0, 0, 0, -15, 0, 0, 0, -4, -19
"c:\Users\YOUNESS\Desktop\projects\stages\group_edito\rh_project\edito_rh_projet\edito_rh_frontend\src\app\state\app.selector.ts", "TypeScript", 0, 0, 0, 0, 0, -6, 0, 0, 0, -3, -9
"c:\Users\YOUNESS\Desktop\projects\stages\group_edito\rh_project\edito_rh_projet\edito_rh_frontend\src\app\state\app.state.ts", "TypeScript", 0, 0, 0, 0, 0, -6, 0, 0, 0, -5, -11
"c:\Users\YOUNESS\Desktop\projects\stages\group_edito\rh_project\edito_rh_projet\edito_rh_frontend\src\app\store\app.state.ts", "TypeScript", 0, 0, 0, 0, 0, -32, 0, 0, 0, -4, -36
"c:\Users\YOUNESS\Desktop\projects\stages\group_edito\rh_project\edito_rh_projet\edito_rh_frontend\src\environments\environment.prod.ts", "TypeScript", 0, 0, 0, 0, 0, -4, 0, 0, 0, -1, -5
"c:\Users\YOUNESS\Desktop\projects\stages\group_edito\rh_project\edito_rh_projet\edito_rh_frontend\src\environments\environment.ts", "TypeScript", 0, 0, 0, 0, 0, -4, 0, 0, -11, -3, -18
"c:\Users\YOUNESS\Desktop\projects\stages\group_edito\rh_project\edito_rh_projet\edito_rh_frontend\src\index.html", "HTML", 0, 0, 0, 0, 0, 0, -13, 0, 0, -1, -14
"c:\Users\YOUNESS\Desktop\projects\stages\group_edito\rh_project\edito_rh_projet\edito_rh_frontend\src\main.ts", "TypeScript", 0, 0, 0, 0, 0, -9, 0, 0, 0, -4, -13
"c:\Users\YOUNESS\Desktop\projects\stages\group_edito\rh_project\edito_rh_projet\edito_rh_frontend\src\polyfills.ts", "TypeScript", 0, 0, 0, 0, 0, -1, 0, 0, -47, -6, -54
"c:\Users\YOUNESS\Desktop\projects\stages\group_edito\rh_project\edito_rh_projet\edito_rh_frontend\src\styles.scss", "SCSS", 0, 0, 0, -10, 0, 0, 0, 0, -1, -2, -13
"c:\Users\YOUNESS\Desktop\projects\stages\group_edito\rh_project\edito_rh_projet\edito_rh_frontend\src\styles\variables.scss", "SCSS", 0, 0, 0, -8, 0, 0, 0, 0, 0, -1, -9
"c:\Users\YOUNESS\Desktop\projects\stages\group_edito\rh_project\edito_rh_projet\edito_rh_frontend\src\test.ts", "TypeScript", 0, 0, 0, 0, 0, -18, 0, 0, -4, -5, -27
"c:\Users\YOUNESS\Desktop\projects\stages\group_edito\rh_project\edito_rh_projet\edito_rh_frontend\tsconfig.app.json", "JSON", 0, -14, 0, 0, 0, 0, 0, 0, -1, -1, -16
"c:\Users\YOUNESS\Desktop\projects\stages\group_edito\rh_project\edito_rh_projet\edito_rh_frontend\tsconfig.json", "JSON with Comments", 0, 0, -31, 0, 0, 0, 0, 0, -1, -1, -33
"c:\Users\YOUNESS\Desktop\projects\stages\group_edito\rh_project\edito_rh_projet\edito_rh_frontend\tsconfig.spec.json", "JSON", 0, -17, 0, 0, 0, 0, 0, 0, -1, -1, -19
"Total", "-", 93, -9797, -31, -443, -14, -10104, -714, -69, -171, -1976, -23226